pirates-of-the-caribbean-the-curse-of-the-black-pearl,0.90824
pirates-of-the-caribbean-at-worlds-end,0.266913
pirates-of-the-caribbean-dead-mans-chest,0.266913
pirates-of-the-caribbean-dead-men-tell-no-tales,0.266913
the-adventurer-the-curse-of-the-midas-box,0.266913
wallace-gromit-the-curse-of-the-were-rabbit,0.187842
the-pirates-who-dont-do-anything-a-veggietales-movie,0.0991032
the-pirates!-band-of-misfits,0.0991032
the-black-power-mixtape-1967-1975,0.0991032
the-black-dahlia,0.0991032
the-black-stallion,0.0991032
the-black-waters-of-echos-pond,0.0991032
tears-of-the-black-tiger,0.0991032
the-black-stallion-returns,0.0991032
curse-of-the-golden-flower,0.0985009
through-a-lens-darkly-black-photographers-and-the-emergence-of-a-people,0.0973585
the-woman-in-black,0.0973585
the-woman-in-black-2-angel-of-death,0.0973585
